Time,V,F,P,Q,Ang
0,1,60.000075,576.966064,-9.177189,69.603981
0.0333333,1.00004051655741,60.000265,576.973083,-9.125546,69.604729
0.0666667,1.00008643237207,60.00046,576.930237,-9.141175,69.606071
0.1,1.00014316882931,60.00078,576.893005,-9.102073,69.608467
0.1333334,1.00021068167293,60.000975,576.871521,-9.112871,69.611038
0.1666667,1.00028226608759,60.00128,576.840271,-9.109665,69.614632
0.2,1.00034710143069,60.00147,576.843994,-9.071924,69.618378
0.2333333,1.00041868584535,60.001775,576.848206,-9.02357,69.623192
0.2666666,1.00034170217345,60.001985,576.840393,-9.017734,69.628151
0.2999999,1.0002188026869,60.00229,576.845581,-8.960867,69.634155
0.3333332,1.00009860282897,60.00248,576.845947,-8.946761,69.640312
0.3666665,1.00031873320207,60.002785,576.85791,-8.966374,69.647522
0.3999998,1.00068880360415,60.002935,576.867065,-8.982402,69.654732
0.4333331,1.00081710234794,60.003015,576.869507,-8.95405,69.661942
0.4666664,1.00094272359122,60.00305,576.841858,-9.006588,69.669151
0.4999997,1.00107507177794,60.00307,576.83429,-8.974565,69.676353
0.533333,1.00120876977898,60.00307,576.822083,-8.986657,69.683563
0.5666663,1.00144919162295,60.00309,576.804932,-8.995184,69.690765
0.5999996,1.00188542505433,60.00309,576.792114,-9.048038,69.697968
0.6333329,1.00206641081244,60.00309,576.772095,-9.056511,69.70517
0.6666662,1.00217851178451,60.003035,576.728455,-9.059087,69.712212
0.6999995,1.00235542597158,60.00286,576.743286,-9.045066,69.718376
0.7333328,1.00273899451676,60.002975,576.703003,-9.134607,69.725578
0.7666661,1.00299156468952,60.003035,576.66626,-9.135739,69.73278
0.7999994,1.00284299660296,60.00305,576.625122,-9.0961,69.739983
0.8333327,1.00317659989055,60.00307,576.652832,-9.119626,69.747192
0.866666,1.00302263254676,60.00309,576.626892,-9.131519,69.754402
0.8999993,1.0028348977171,60.00309,576.644592,-9.114077,69.761627
0.9333326,1.00269037907348,60.00309,576.664368,-9.096652,69.768845
0.9666659,1.00229061275658,60.00309,576.661621,-9.075314,69.776062
0.9999992,1.00180574175381,60.00309,576.669861,-9.013432,69.783287
1.0333329,1.00143972079467,60.00309,576.678894,-8.995787,69.790512
1.0666667,1.00124523689346,60.00309,576.686218,-8.974569,69.797737
1.1000005,1.00086436797691,60.00309,576.664246,-8.945843,69.804947
1.1333343,1.00048757063138,60.00309,576.647217,-8.872967,69.812157
1.1666681,1.00056590411759,60.00292,576.652649,-8.900187,69.818611
1.2000018,1.00064558741811,60.002785,576.642517,-8.87875,69.824768
1.2333356,1.0007212212757,60.002935,576.577148,-8.872388,69.831963
1.2666694,1.00079820494759,60.003015,576.521851,-8.869817,69.839157
1.3000032,1.00088058787673,60.00305,576.466797,-8.867209,69.846359
1.3333369,1.00073201979018,60.00307,576.445984,-8.835009,69.853569
1.3666707,1.00041058695949,60.00307,576.441833,-8.765893,69.860794
1.4000045,1.0004119367738,60.00309,576.478699,-8.752232,69.868011
1.4333383,1.00062396826104,60.00309,576.525757,-8.738776,69.875229
1.4666721,1.00056455430328,60.00309,576.524658,-8.758206,69.882446
1.5000058,1.00041733603104,60.00309,576.524109,-8.73337,69.889664
1.5333396,1.00035924975948,60.00309,576.537964,-8.712317,69.896873
1.5666734,1.00056320448897,60.00292,576.559692,-8.743332,69.90332
1.6000072,1.0005024185888,60.002745,576.552917,-8.726984,69.909332
1.633341,1.00043353380276,60.0025,576.531006,-8.758683,69.914589
1.6666747,1.00060237123207,60.00229,576.510132,-8.791445,69.919395
1.7000085,1.00101293606346,60.002195,576.501099,-8.82446,69.924187
1.7333423,1.00136815850812,60.002135,576.458923,-8.846394,69.928978
1.7666761,1.00151265502364,60.0021,576.396545,-8.864481,69.933762
1.8000098,1.0016112578526,60.0021,576.33197,-8.882505,69.938568
1.8333436,1.00170443929622,60.0021,576.322388,-8.874764,69.943367
1.8666774,1.00190027301175,60.00208,576.348145,-8.878139,69.948174
1.9000112,1.00233787838554,60.00208,576.355896,-8.962698,69.95298
1.933345,1.00253101247244,60.00208,576.376892,-9.010211,69.957787
1.9666787,1.00260529651572,60.00208,576.376648,-9.006107,69.962593
2.0000124,1.00268228018762,60.00208,576.361633,-9.04251,69.9674
2.0333452,1.00277141218831,60.002115,576.357422,-9.081158,69.972351
2.066678,1.00291053157469,60.002365,576.310608,-9.138688,69.978355
2.1000109,1.00309691659003,60.00248,576.301208,-9.163151,69.98436
2.1333437,1.00330084919142,60.002535,576.312744,-9.194963,69.990364
2.1666765,1.00318739840504,60.00273,576.289001,-9.211586,69.997124
2.2000093,1.00306989817573,60.00292,576.285461,-9.231013,70.004333
2.2333422,1.00295239794641,60.003035,576.291992,-9.252627,70.011696
2.266675,1.0027187473021,60.00332,576.28302,-9.25984,70.020119
2.3000078,1.00289161204624,60.00345,576.323975,-9.278414,70.028542
2.3333406,1.00298886506089,60.00353,576.336609,-9.333764,70.036957
2.3666735,1.00305774984693,60.00355,576.352295,-9.344952,70.045372
2.4000063,1.00312931213348,60.003565,576.363647,-9.400294,70.053787
2.4333391,1.00319684710521,60.003755,576.324402,-9.42979,70.062943
2.4666719,1.00304018013279,60.0041,576.268799,-9.399236,70.073296
2.5000048,1.00288081353176,60.004385,576.208801,-9.406784,70.084259
2.5333376,1.002744393774,60.00473,576.150024,-9.403796,70.096275
2.5666704,1.0026025968871,60.005095,576.146423,-9.367384,70.109039
2.6000032,1.00244592991468,60.00538,576.157837,-9.376295,70.122421
2.6333361,1.0022676437852,60.00574,576.183167,-9.334068,70.136856
2.6666689,1.00209612885537,60.006105,576.198792,-9.280651,70.152039
2.7000017,1.00215419299882,60.00639,576.216614,-9.309771,70.167816
2.7333345,1.00221092945606,60.00675,576.199585,-9.361616,70.184647
2.7666674,1.00226494415658,60.007095,576.191711,-9.317758,70.202202
2.8000002,1.00232300830003,60.00738,576.154846,-9.348861,70.220367
2.833333,1.00219335974192,60.007745,576.128357,-9.284384,70.239594
2.8666658,1.00206506099812,60.008085,576.107666,-9.260187,70.259583
2.8999987,1.00212177532726,60.008525,576.071472,-9.261213,70.280746
2.9333315,1.0021771619702,60.00885,576.080444,-9.226521,70.302513
2.9666643,1.00223387629933,60.00925,576.085205,-9.223978,70.325485
2.9999971,1.00228926294227,60.00969,576.070007,-9.203391,70.349518
3.03333,1.0023446274571,60.0099,576.085266,-9.19365,70.373566
3.0666628,1.00212177532726,60.009995,576.08728,-9.183663,70.397614
3.0999956,1.0019205423545,60.01005,576.135376,-9.143801,70.421669
3.1333284,1.00187597635416,60.01007,576.176575,-9.144658,70.445724
3.1666613,1.00216364169899,60.01009,576.233887,-9.145833,70.469765
3.1999941,1.0023972923433,60.01009,576.219177,-9.213894,70.493805
3.2333269,1.00259719762986,60.01009,576.187012,-9.23054,70.517838
3.2666597,1.00270792665951,60.01009,576.13031,-9.240044,70.541862
3.2999926,1.00281732800296,60.01009,576.093933,-9.256763,70.565895
3.3333254,1.00292672934641,60.01005,576.057739,-9.275218,70.58976
3.3666582,1.00316172980503,60.009825,576.102783,-9.284787,70.612595
3.399991,1.00312661250486,60.00971,576.104431,-9.283431,70.635445
3.4333239,1.00320224636245,60.009615,576.107422,-9.328199,70.658104
3.4666567,1.0032738307771,60.009345,576.144714,-9.349682,70.679749
3.4999895,1.00307259780435,60.00923,576.128296,-9.356735,70.701393
3.5333223,1.0031576803621,60.009155,576.125793,-9.364073,70.72303
3.5666552,1.00324546254849,60.008945,576.10907,-9.419784,70.743904
3.599988,1.00333326686297,60.008945,576.086487,-9.424767,70.76506
3.6333208,1.00358041565039,60.00906,576.057373,-9.464651,70.786819
3.6666536,1.00324276291986,60.009325,575.963928,-9.43491,70.809647
3.6999865,1.00317120063331,60.00963,575.913879,-9.408687,70.833206
3.7333193,1.00327788022004,60.00969,575.933594,-9.406751,70.856483
3.7666521,1.00323061459107,60.00965,575.97644,-9.419488,70.879333
3.7999849,1.00281057893141,60.00963,576.005432,-9.387599,70.902191
3.8333178,1.00263771418727,60.00944,576.086975,-9.377688,70.924271
3.8666506,1.00244997935761,60.00927,576.13324,-9.405776,70.94593
3.8999834,1.00218121141313,60.009195,576.135132,-9.419764,70.967575
3.9333162,1.00193674012623,60.009135,576.107605,-9.423302,70.989212
3.9666491,1.00178277278243,60.009115,576.064148,-9.420033,71.010849
3.9999819,1.00165582385295,60.008925,576.046204,-9.387023,71.031723
4.0333147,1.00148023735208,60.008775,576.011841,-9.399269,71.052162
4.0666475,1.00126955567915,60.00868,576.003906,-9.329973,71.072594
4.0999804,1.00142487283726,60.00864,575.98175,-9.38682,71.093025
4.1333132,1.00141542413708,60.00862,575.969727,-9.358466,71.113464
4.166646,1.00089813546277,60.008565,575.936951,-9.287002,71.133743
4.1999788,1.00060102141776,60.008295,575.975708,-9.248496,71.15284
4.2333117,1.00038761798811,60.007895,576.035095,-9.273515,71.170723
4.2666445,1.0000648353431,60.007325,576.102844,-9.275468,71.186821
4.2999773,0.999843333027582,60.00679,576.168823,-9.241857,71.201714
4.3333101,0.999773098427239,60.006255,576.19751,-9.250888,71.215393
4.366643,0.999701514012581,60.00576,576.171082,-9.299154,71.227859
4.3999758,0.999702863826891,60.005245,576.127747,-9.35261,71.23912
4.4333086,0.999933814842584,60.00473,576.088745,-9.370662,71.249168
4.4666414,1.00002701841431,60.00437,576.012268,-9.384413,71.258614
4.4999743,0.999644799683443,60.00393,575.930481,-9.324651,71.266869
4.5333071,0.999990551299826,60.00351,575.927185,-9.381862,71.274071
4.5666399,1.00002701841431,60.00313,575.912415,-9.402073,71.280525
4.5999727,0.999967582328446,60.00269,575.947693,-9.407139,71.285805
4.6333055,1.00018503520104,60.002345,575.961853,-9.452596,71.290443
4.6666384,1.00028766534483,60.001965,575.973999,-9.464084,71.29406
4.6999712,1.00038896780242,60.001775,575.951843,-9.509633,71.297661
4.733304,1.00059832178914,60.001505,575.93457,-9.562667,71.300529
4.7666368,1.00083602187639,60.001295,575.908691,-9.617006,71.302917
4.7999697,1.00077118653329,60.001185,575.851257,-9.619922,71.305305
4.8333025,1.00071987146139,60.001125,575.80481,-9.626266,71.307709
4.8666353,1.00098189033432,60.001105,575.779907,-9.680635,71.310097
4.8999681,1.00109939056363,60.001085,575.782349,-9.700872,71.3125
4.933301,1.00113855730674,60.001085,575.770874,-9.717584,71.314903
4.9666338,1.00093865202018,60.001085,575.778442,-9.744367,71.317314
4.9999666,1.00067258370432,60.00105,575.810547,-9.690736,71.319595
5.0332994,1.00071040063311,60.00082,575.84613,-9.780951,71.320816
5.0666323,1.00075498876156,60.000705,575.875549,-9.823485,71.322014
5.0999651,1.00044570425966,60.00082,575.840637,-9.796665,71.323975
5.1332979,1.00055508347501,60.00099,575.801941,-9.801637,71.326523
5.1666307,1.00066583463277,60.00128,575.739502,-9.83354,71.330109
5.1999636,1.00077658579052,60.0016,575.677063,-9.857893,71.33445
5.2332964,1.0008373716907,60.00185,575.636353,-9.840211,71.339249
5.2666292,1.0008765384338,60.002135,575.621826,-9.869562,71.344803
5.299962,1.00091975461984,60.002405,575.631531,-9.855541,71.350952
5.3332949,1.00095757154863,60.002745,575.637695,-9.875107,71.35817
5.3666277,1.00099943792036,60.00309,575.668213,-9.849907,71.366119
5.3999605,1.00103860466346,60.003375,575.684814,-9.85931,71.37468
5.4332933,1.00108047103518,60.00374,575.677795,-9.895585,71.3843
5.4666262,1.00095892136294,60.00408,575.666748,-9.879872,71.394669
5.499959,1.00068475416121,60.00435,575.65863,-9.862909,71.405495
5.5332918,1.00069150323277,60.004635,575.684448,-9.845616,71.417053
5.5666246,1.0007738861619,60.004865,575.71051,-9.868044,71.429077
5.5999575,1.00043623343138,60.00498,575.689453,-9.835514,71.441101
5.6332903,1.000141819015,60.005035,575.704529,-9.768983,71.453125
5.6666231,0.999932465028274,60.005075,575.730408,-9.750195,71.465164
5.6999559,0.999827113127755,60.005075,575.747559,-9.772388,71.477188
5.7332888,1.00002836822862,60.005095,575.755615,-9.832352,71.489212
5.7666216,1.00013369800104,60.005095,575.755859,-9.80026,71.501228
5.7999544,1.00020528241569,60.005095,575.720337,-9.802244,71.513229
5.8332872,1.00027956645897,60.005095,575.684998,-9.804235,71.525246
5.8666201,1.00035250068793,60.005095,575.649536,-9.806256,71.537262
5.8999529,1.00042408510259,60.005095,575.624329,-9.811641,71.549278
5.9332857,1.00049566951725,60.005095,575.609375,-9.820443,71.561295
5.9666185,1.00056590411759,60.005095,575.625,-9.839438,71.573311
5.9999514,1.00062666788966,60.005095,575.643677,-9.81409,71.585342
6.0332842,1.00068610397552,60.005095,575.648621,-9.829668,71.597359
6.066617,1.00074551793328,60.005265,575.609436,-9.868668,71.610107
6.0999498,1.00080495401915,60.005475,575.584045,-9.860559,71.623466
6.1332827,1.00095892136294,60.005815,575.529358,-9.874627,71.638031
6.1666155,1.00125740735036,60.0062,575.51593,-9.844156,71.653641
6.1999483,1.00115475507846,60.00658,575.473145,-9.802509,71.669998
6.2332811,1.00104940317794,60.006865,575.457642,-9.809287,71.686958
6.266614,1.00109261936398,60.00723,575.483582,-9.77125,71.704994
6.2999468,1.00118447312139,60.00759,575.508728,-9.770169,71.72377
6.3332796,1.00120876977898,60.007875,575.541016,-9.76621,71.743149
6.3666124,1.00102780614898,60.00824,575.533081,-9.741337,71.763596
6.3999453,1.00079145587604,60.0086,575.532776,-9.712399,71.784767
6.4332781,1.0006577357469,60.00885,575.547729,-9.682211,71.806412
6.4666109,1.00056320448897,60.009155,575.564941,-9.644688,71.828789
6.4999437,1.00046865110294,60.009405,575.558472,-9.638773,71.851761
6.5332766,1.00037546965931,60.009765,575.521606,-9.612088,71.875801
6.5666094,0.999878450327757,60.009975,575.512939,-9.508461,71.899979
6.5999422,0.999944635485171,60.01028,575.501465,-9.520856,71.925217
6.633275,1.00008508255776,60.01045,575.537781,-9.502298,71.95047
6.6666079,0.999871701256204,60.01053,575.550049,-9.435752,71.975716
6.6999407,0.999621830712063,60.010565,575.536987,-9.406834,72.000969
6.7332735,0.999344963881715,60.010585,575.556641,-9.343531,72.026222
6.7666063,0.999304447324303,60.010415,575.594666,-9.335608,72.050713
6.7999392,0.999259881323957,60.010225,575.645935,-9.292852,72.074593
6.833272,0.999215315323611,60.00992,575.663208,-9.294785,72.09745
6.8666048,0.999173426823782,60.009575,575.673279,-9.256908,72.119514
6.8999376,0.999128860823436,60.00929,575.639282,-9.256115,72.140991
6.9332705,0.998947897193436,60.008945,575.611816,-9.22463,72.161423
6.9666033,0.99857242753412,60.0086,575.588135,-9.159513,72.181114
6.9999361,0.99727990288359,60.008125,575.549622,-8.98107,72.19944
7.0332689,0.994461225066315,60.0074,575.554321,-8.636391,72.215416
7.0666018,0.991639825492317,60.00654,575.697632,-8.269711,72.229027
7.0999346,0.962083472612839,60.00534,574.854858,-4.451485,72.239243
7.1332674,0.941927226590712,59.99079,577.164429,-2.748698,72.189949
7.1666002,0.941946146119161,59.95657,583.598511,-4.407506,72.009209
7.1999331,0.936767970759274,59.920175,588.875732,-5.904176,71.736214
7.2332659,0.932783717220953,59.88579,591.591736,-7.727979,71.38266
7.2665987,0.928529368051939,59.86145,590.386963,-8.98374,70.992699
7.2999315,0.923560524550674,59.849015,585.663757,-9.017585,70.600494
7.3332644,0.918659238149239,59.8365,580.296631,-8.287536,70.181892
7.3665972,0.913545898132456,59.8168,576.951294,-7.273498,69.698662
7.39993,0.908474424487399,59.793645,576.012085,-6.325655,69.151497
7.4332628,0.906031194201336,59.77043,576.941528,-5.997793,68.547684
7.4665956,0.906101428801681,59.749945,578.478394,-6.34833,67.900558
7.4999285,0.907356114395316,59.73324,579.639832,-6.963846,67.221832
7.5332613,0.909884427239139,59.719355,580.052002,-7.826009,66.51635
7.5665941,0.913483762417973,59.70812,579.624817,-8.740956,65.789742
7.5999269,0.938136129267392,59.701175,579.120605,-12.145812,65.055878
7.6332598,0.971193214496739,59.704685,576.579529,-15.788717,64.350151
7.6665926,0.981238930900302,59.73074,569.261414,-15.347186,63.760849
7.6999254,0.990339201955923,59.75996,562.524231,-14.423495,63.249718
7.7332582,0.998165890017564,59.78838,558.691223,-13.127828,62.807121
7.7665911,1.00571031199162,59.810105,558.994263,-12.230606,62.401886
7.7999239,1.01374363228326,59.8193,563.567688,-12.536971,61.989964
7.8332567,1.02099359558472,59.828455,569.342773,-13.71139,61.59697
7.8665895,1.02796401455532,59.845255,573.292908,-15.314378,61.262066
7.8999224,1.03409029063556,59.866545,574.744934,-16.892836,60.988693
7.9332552,1.03860938043423,59.889715,574.04248,-17.988289,60.775906
7.966588,1.04198586348324,59.913195,572.161011,-18.506708,60.620216
7.9999208,1.04419137155396,59.93595,570.067383,-18.483604,60.517765
8.0332537,1.04487747552948,59.95701,568.564819,-18.030291,60.462059
8.0665865,1.04500307464465,59.97551,568.155457,-17.515678,60.445408
8.0999193,1.04429132419723,59.99075,568.956177,-17.066183,60.45787
8.1332521,1.04101344397719,60.00351,570.504211,-16.554571,60.495258
8.166585,1.03646463613559,60.014155,572.413574,-16.191061,60.553482
8.1999178,1.03166328024933,60.022335,574.374084,-16.014675,60.62571
8.2332506,1.02618799084444,60.02781,576.044434,-15.909767,60.705338
8.2665834,1.02049522643885,60.03044,577.31543,-15.833302,60.784592
8.2999163,1.01462691978861,60.03025,578.154541,-15.732779,60.857231
8.3332491,1.00896117379734,60.027635,578.599609,-15.627628,60.917831
8.3665819,1.00399100260987,60.02321,578.705444,-15.489939,60.963802
8.3999147,0.999170727195161,60.017355,578.59375,-15.258937,60.992271
8.4332476,0.995082493698735,60.01024,578.394592,-15.040928,61.000919
8.4665804,0.992166562866807,60.001925,578.252197,-14.910162,60.986782
8.4999132,0.989522099607983,59.993495,578.071533,-14.71847,60.951775
8.533246,0.988210677557106,59.985845,577.798645,-14.659812,60.900208
8.5665789,0.987913541384,59.97944,577.357056,-14.585323,60.835949
8.5999117,0.988149913785036,59.974575,576.741455,-14.506473,60.763515
8.6332445,0.988876512189872,59.971275,576.020386,-14.35073,60.686512
8.6665773,0.990689025143341,59.96954,575.312805,-14.22589,60.609035
8.6999102,0.99307281934354,59.970095,574.555359,-14.09163,60.537731
8.733243,0.996391216120992,59.973295,573.783142,-13.931225,60.480145
8.7665758,0.999959483442584,59.978485,572.982178,-13.721315,60.439648
8.7999086,1.00379651870866,59.985275,572.325012,-13.481587,60.419125
8.8332415,1.0075511710456,59.993515,571.862,-13.195708,60.421577
8.8665743,1.01023207929081,60.00313,571.522156,-12.741941,60.450336
8.8999071,1.01363423093981,60.01316,571.480042,-12.457747,60.504215
8.9332399,1.01747666546313,60.02264,571.775757,-12.281764,60.57988
8.9665728,1.01975510776281,60.031645,572.190063,-12.005311,60.675995
8.9999056,1.0214028327299,60.04017,572.645569,-11.768126,60.791534
9.0332384,1.0230005924394,60.047835,573.189331,-11.609372,60.923595
9.0665712,1.02365697837199,60.054225,573.728882,-11.391395,61.068176
9.0999041,1.02309512369733,60.058745,574.27948,-11.162872,61.219486
9.1332369,1.02183096727542,60.061685,574.858398,-10.879746,61.374157
9.1665697,1.01992259537781,60.06338,575.369812,-10.60657,61.530212
9.1999025,1.01688509274554,60.063875,575.794189,-10.228768,61.684628
9.2332354,1.01300621323584,60.062505,576.23999,-9.807142,61.831711
9.2665682,1.00919617425597,60.05892,576.776855,-9.44339,61.965317
9.299901,1.00511334001678,60.052815,577.484558,-9.160211,62.078594
9.3332338,0.999754201026893,60.045015,578.125977,-8.736084,62.169109
9.3665667,0.994553056695626,60.036105,578.63855,-8.432816,62.23571
9.3998995,0.989669317880226,60.02596,579.051453,-8.150059,62.275162
9.4332323,0.984942246037241,60.01505,579.241699,-7.884958,62.286671
9.4665651,0.980756759526158,60.002975,579.353027,-7.667687,62.266636
9.499898,0.975581283794892,59.990065,579.345276,-7.311001,62.213608
9.5332308,0.970735361908283,59.976845,579.281006,-6.954751,62.128147
9.5665636,0.96634459298151,59.963475,579.196167,-6.637729,62.010284
9.5998964,0.961917356940251,59.95001,579.091003,-6.275101,61.859879
9.6332293,0.958007387445207,59.936445,578.99292,-5.966426,61.676617
9.6665621,0.954501255838099,59.92317,578.910217,-5.67756,61.461987
9.6998949,0.95161909249203,59.910605,578.73053,-5.432911,61.21883
9.7332277,0.949306860578382,59.89935,578.388672,-5.174387,60.951469
9.7665606,0.94746737346681,59.889375,577.929626,-4.918053,60.662994
9.7998934,0.945981714729379,59.88064,577.362183,-4.611437,60.356506
9.8332262,0.945355046839716,59.872435,576.919006,-4.374004,60.031605
9.866559,0.944596008635227,59.865095,576.531555,-4.091892,59.690914
9.8998919,0.944731056450571,59.85937,576.165894,-3.857718,59.340008
9.9332247,0.945468475497994,59.85485,575.827576,-3.6602,58.981014
9.9665575,0.946798817077319,59.85132,575.512878,-3.526282,58.615982
9.9998903,0.948193971871648,59.8485,575.248718,-3.403988,58.245701
10.0332232,0.950109114968911,59.84617,575.107544,-3.36837,57.870949
10.066556,0.952280877681865,59.844855,574.926392,-3.341141,57.495255
10.0998888,0.955223804800004,59.844245,574.784973,-3.422623,57.119709
10.1332216,0.959025722765907,59.84417,574.644043,-3.62663,56.745346
10.1665545,0.962595339901811,59.844495,574.483948,-3.817334,56.372517
10.1998873,0.966663326183583,59.845695,574.297791,-4.062116,56.004585
10.2332201,0.970534128935523,59.847335,574.068665,-4.294134,55.641582
10.2665529,0.974681798517813,59.849585,573.852844,-4.596437,55.285351
10.2998857,0.979523670961487,59.85237,573.73291,-4.977266,54.937031
10.3332186,0.984200777546886,59.855405,573.577332,-5.376308,54.596527
10.3665514,0.988796828889354,59.858705,573.501282,-5.81362,54.26458
10.3998842,0.993673818633203,59.86288,573.387207,-6.294518,53.944462
10.433217,0.997782321472388,59.867765,573.19928,-6.70744,53.637707
10.4665499,1.00175982593916,59.87303,573.049133,-7.083479,53.344604
10.4998827,1.00626674528093,59.87854,572.975464,-7.590479,53.065311
10.5332155,1.01009163221822,59.88392,572.965454,-8.033651,52.79866
10.5665483,1.01310749356532,59.889795,572.986572,-8.424759,52.547009
10.5998812,1.0160301734688,59.89649,572.925171,-8.785069,52.313343
10.633214,1.01872865142814,59.903585,572.868103,-9.132445,52.097672
10.6665468,1.02157164803111,59.91062,572.851563,-9.52134,51.898968
10.6998796,1.0242512285901,59.917335,572.943054,-9.898541,51.715446
10.7332125,1.02569097151288,59.92384,573.028809,-10.133247,51.547066
10.7665453,1.0265053742322,59.930765,573.091675,-10.330076,51.396271
10.7998781,1.02734544555152,59.93799,573.117859,-10.505532,51.263481
10.8332109,1.02830571672877,59.945085,573.19165,-10.707455,51.147625
10.8665438,1.02882433308929,59.95165,573.302307,-10.835938,51.0462
10.8998766,1.02812203134204,59.958365,573.359131,-10.801645,50.960957
10.9332094,1.02772766428239,59.96567,573.366333,-10.799745,50.894733
10.9665422,1.02758314563876,59.97307,573.341309,-10.745527,50.846531
10.9998751,1.02744402625238,59.980355,573.338684,-10.700984,50.815586
11.0332079,1.0273035791798,59.987525,573.304688,-10.597816,50.80159
11.0665407,1.02683897751979,59.99487,573.254272,-10.422093,50.805603
11.0998735,1.02560858858374,60.00248,573.190369,-10.101971,50.828381
11.1332064,1.02558966905529,60.010225,573.157776,-9.90317,50.870132
11.1665392,1.02556942184064,60.01768,573.174194,-9.68014,50.929184
11.199872,1.02458348206339,60.02491,573.194641,-9.298275,51.005066
11.2332048,1.0249211347939,60.032005,573.299622,-9.070168,51.097702
11.2665377,1.02494003219425,60.03887,573.402588,-8.77291,51.206299
11.2998705,1.02456998392028,60.04545,573.489929,-8.461812,51.330025
11.3332033,1.02404729598872,60.05205,573.519958,-8.060151,51.469498
11.3665361,1.02383254274475,60.05867,573.532104,-7.71566,51.625172
11.399869,1.02369344548648,60.06401,573.687317,-7.378685,51.790771
11.4332018,1.02355837554303,60.068625,573.922119,-7.059944,51.965824
11.4665346,1.02320317522647,60.072955,574.114929,-6.726567,52.150314
11.4998674,1.02241849055008,60.07696,574.252441,-6.349129,52.344162
11.5332003,1.02203762163353,60.080145,574.429993,-6.036233,52.543568
11.5665331,1.02213890196301,60.082605,574.665283,-5.782426,52.747326
11.5998659,1.02219698823456,60.084495,574.8349,-5.551376,52.954231
11.6331987,1.02103006269921,60.08606,574.87439,-5.176381,53.164124
11.6665316,1.02023862895126,60.0873,574.928406,-4.824358,53.376427
11.6998644,1.01993609352092,60.0877,575.037598,-4.555606,53.587677
11.7331972,1.01938098791781,60.08751,575.183289,-4.280334,53.797291
11.76653,1.01818841591055,60.08663,575.349854,-3.940932,54.003185
11.7998629,1.0177184149933,60.085375,575.522766,-3.723696,54.205021
11.8331957,1.01694857827433,60.08381,575.641418,-3.463608,54.402485
11.8665285,1.01596128868277,60.081845,575.731812,-3.215743,54.594391
11.8998613,1.01489298810448,60.079515,575.782288,-2.975491,54.77998
11.9331942,1.01377197838378,60.076465,575.878601,-2.725098,54.956501
11.966527,1.01285764514928,60.07292,576.030579,-2.54733,55.123417
11.9998598,1.0117771741141,60.06935,576.108582,-2.329427,55.281593
12.0331926,1.01069938057943,60.06607,576.083069,-2.109962,55.43256
12.0665255,1.00991469590304,60.06256,576.038513,-1.954781,55.574699
12.0998583,1.00876938952476,60.05871,575.992981,-1.727122,55.70681
12.1331911,1.00730804957301,60.0548,575.958801,-1.482572,55.829319
12.1665239,1.00567114524851,60.05087,575.954346,-1.201769,55.942356
12.1998568,1.00392211782384,60.04715,575.94574,-0.927934,56.046944
12.2331896,1.00284974567452,60.043295,575.952576,-0.736557,56.142124
12.2665224,1.0016369264526,60.039045,576.025452,-0.54995,56.226116
12.2998552,0.999928415585344,60.034925,576.057129,-0.294151,56.300312
12.3331881,0.998246923132392,60.031185,576.060486,-0.04637,56.366558
12.3665209,0.997030054467551,60.027735,575.984558,0.165837,56.425114
12.3998537,0.995794244146159,60.0243,575.907837,0.37432,56.475582
12.4331865,0.994639489067696,60.02058,575.858643,0.599773,56.516441
12.4665194,0.993120084972507,60.016765,575.851318,0.820253,56.547871
12.4998522,0.992038264123011,60.013445,575.823059,1.024622,56.572365
12.533185,0.990741690029549,60.010375,575.730286,1.274212,56.590099
12.5665178,0.989607182165741,60.007325,575.669006,1.487621,56.600655
12.5998507,0.989081816733667,60.00431,575.667053,1.634936,56.604019
12.6331835,0.988914329118666,60.001525,575.634583,1.724507,56.601059
12.6665163,0.988414610158486,59.99916,575.514099,1.892115,56.59343
12.6998491,0.988017543470207,59.997175,575.362793,2.045609,56.582031
12.733182,0.98844972745866,59.995365,575.239624,2.140555,56.56657
12.7665148,0.988899481161251,59.99336,575.183289,2.167014,56.54604
12.7998476,0.989284399520737,59.991285,575.165588,2.242469,56.520248
12.8331804,0.990344623341266,59.98947,575.187012,2.171353,56.490555
12.8665133,0.990944272816618,59.98823,575.090698,2.173136,56.459225
12.8998461,0.991839730778872,59.987185,574.984863,2.119051,56.425884
12.9331789,0.993051200186471,59.98617,574.906372,2.059341,56.390179
12.9665117,0.9943045580939,59.98514,574.865967,1.951743,56.352058
12.9998446,0.995333714057189,59.98415,574.826904,1.838259,56.311558
13.0331774,0.996264267191506,59.98337,574.81311,1.715918,56.269569
13.0665102,0.998045690159631,59.982965,574.780396,1.503951,56.227562
13.099843,0.999851431913447,59.982775,574.724731,1.256267,56.185547
13.1331758,1.00109126954967,59.98268,574.612305,1.080511,56.143536
13.1665087,1.0024351092721,59.982625,574.558533,0.868949,56.101528
13.1998415,1.00437187152643,59.982815,574.550537,0.576738,56.060413
13.2331743,1.00594531245024,59.98358,574.417419,0.31031,56.022411
13.2665071,1.00769971700405,59.98453,574.328552,0.048597,55.987255
13.29984,1.00939200797149,59.98556,574.248108,-0.247355,55.954655
13.3331728,1.01145436934099,59.98682,574.202454,-0.597184,55.925629
13.3665056,1.01299674240756,59.988365,574.138245,-0.855486,55.900963
13.3998384,1.01419336385775,59.99033,574.03894,-1.123887,55.881836
13.4331713,1.01552505525139,59.99256,573.969727,-1.374205,55.86871
13.4665041,1.01681083083036,59.994795,573.945557,-1.65425,55.861015
13.4998369,1.01804391939503,59.99712,573.966187,-1.959697,55.859192
13.5331697,1.01908657350143,59.999715,573.94812,-2.204816,55.863972
13.5665026,1.02024807765144,60.00305,573.887024,-2.501896,55.878471
13.5998354,1.02108274971352,60.006925,573.727417,-2.662447,55.903561
13.6331682,1.02218211814905,60.010855,573.615906,-2.907023,55.938248
13.666501,1.02303570973957,60.01499,573.511536,-3.060239,55.983292
13.6998339,1.02331257656992,60.01915,573.470398,-3.173296,56.038376
13.7331667,1.0237609583301,60.023405,573.480225,-3.314548,56.103844
13.7664995,1.02445923276252,60.02783,573.545227,-3.477698,56.180305
13.7998323,1.02477121689304,60.03271,573.528259,-3.57338,56.26947
13.8331652,1.02530065389615,60.037725,573.518127,-3.670077,56.371117
13.866498,1.02577470425633,60.04278,573.496704,-3.741025,56.484917
13.8998308,1.02595838964306,60.04801,573.441467,-3.795883,56.611721
13.9331636,1.02601240434357,60.05314,573.42627,-3.784014,56.750576
13.9664965,1.02606506922978,60.058195,573.446533,-3.801747,56.901413
13.9998293,1.02612045587271,60.06304,573.53241,-3.771713,57.063515
14.0331621,1.02617312075892,60.0679,573.577942,-3.775997,57.237179
14.0664949,1.02626497451633,60.07265,573.669312,-3.768759,57.42207
14.0998278,1.02647430637496,60.0774,573.721619,-3.767642,57.618378
14.1331606,1.02669580869048,60.081865,573.742798,-3.768825,57.824711
14.1664934,1.02636625484582,60.08606,573.764038,-3.685881,58.040558
14.1998262,1.02583683997081,60.08991,573.816223,-3.58929,58.264812
14.2331591,1.02561533765529,60.09323,573.968079,-3.545883,58.495979
14.2664919,1.02548026771184,60.09632,574.118408,-3.500316,58.733883
14.2998247,1.02527903473908,60.09897,574.2677,-3.493703,58.977371
14.3331575,1.02474419847873,60.101185,574.39325,-3.432617,59.225056
14.3664904,1.02390412715941,60.103035,574.514587,-3.333935,59.476353
14.3998232,1.02341520671371,60.10454,574.627197,-3.30967,59.730476
14.433156,1.02272235366664,60.10578,574.696045,-3.208923,59.987019
14.4664888,1.02209028651974,60.10666,574.765015,-3.160618,60.244907
14.4998217,1.02142715151559,60.10689,574.862488,-3.132453,60.50177
14.5331545,1.02062624693937,60.106945,574.937439,-3.064759,60.758469
14.5664873,1.01970514250523,60.106775,575.017578,-3.00652,61.014122
14.5998201,1.01874082188504,60.10647,575.030762,-2.914893,61.26886
14.633153,1.01801555116641,60.10582,575.084778,-2.857089,61.521217
14.6664858,1.01737941244847,60.10496,575.134583,-2.814021,61.771011
14.6998186,1.01653529168622,60.1038,575.185974,-2.756721,62.017334
14.7331514,1.0159396916538,60.10273,575.200989,-2.740763,62.26128
14.7664843,1.01542917417914,60.1017,575.1828,-2.699847,62.502789
14.7998171,1.01475116908948,60.10063,575.118469,-2.65988,62.741745
14.8331499,1.01406236548533,60.09939,575.092712,-2.57315,62.977234
14.8664827,1.0133884098386,60.098055,575.086121,-2.523486,63.209511
14.8998156,1.01201757382997,60.096415,575.112793,-2.405736,63.437004
14.9331484,1.01111941623909,60.094585,575.228027,-2.340138,63.659695
14.9664812,1.01059000136409,60.09266,575.349854,-2.360377,63.877583
14.999814,1.00994306413167,60.09075,575.415588,-2.349812,64.090813
15.0331469,1.00904760616941,60.088995,575.389343,-2.310144,64.30027
15.0664797,1.00818863744975,60.08728,575.323364,-2.287909,64.505669
15.0998125,1.00757141826026,60.08568,575.255493,-2.244856,64.707451
15.1331453,1.00716895231474,60.084135,575.166199,-2.244209,64.905617
15.1664782,1.00653821285404,60.082415,575.118164,-2.18987,65.099434
15.199811,1.00569949134903,60.080605,575.102844,-2.128033,65.288597
15.2331438,1.00512413853126,60.078905,575.096191,-2.09924,65.474022
15.2664766,1.00440293938367,60.077095,575.124695,-2.062564,65.654778
15.2998095,1.00417873743953,60.075415,575.1745,-2.107018,65.831795
15.3331423,1.00403961805315,60.073605,575.213196,-2.164962,66.004143
15.3664751,1.00379246926573,60.071925,575.201721,-2.2139,66.172798
15.3998079,1.00311716380469,60.070115,575.178528,-2.193579,66.336792
15.4331408,1.00269172888779,60.068415,575.15332,-2.226331,66.497047
15.4664736,1.00293482823227,60.066625,575.15741,-2.349877,66.652626
15.4998064,1.00314013277607,60.064965,575.131958,-2.448653,66.804626
15.5331392,1.00321846626228,60.063515,575.045349,-2.552501,66.953613
15.5664721,1.00330354882004,60.062085,574.978455,-2.627781,67.099136
15.5998049,1.00338323212056,60.060865,574.895508,-2.719172,67.242264
15.6331377,1.00350613160711,60.059585,574.875,-2.819376,67.382248
15.6664705,1.00364525099349,60.058365,574.867126,-2.92836,67.519379
15.6998034,1.00399100260987,60.05726,574.892822,-3.069744,67.654114
15.7331362,1.00423140232574,60.05621,574.897156,-3.226964,67.786446
15.766469,1.0044069888266,60.05522,574.88208,-3.39896,67.916519
15.7998018,1.00471897295712,60.054435,574.877197,-3.584813,68.045212
15.8331347,1.00539695591868,60.05371,574.847534,-3.815239,68.172272
15.8664675,1.00574812892041,60.052965,574.801758,-4.016061,68.297523
15.8998003,1.00604794259403,60.0523,574.762817,-4.186865,68.421394
15.9331331,1.00644098196749,60.05169,574.74176,-4.376816,68.543785
15.966466,1.00688801391335,60.051385,574.696655,-4.55535,68.666161
15.9997988,1.00742824943095,60.05123,574.618042,-4.810754,68.788544
16.0331383,1.00803871954888,60.051195,574.577637,-4.984711,68.911057
16.0664787,1.00878155998165,60.05142,574.490479,-5.26403,69.034782
16.0998192,1.00951357977183,60.051785,574.432373,-5.495387,69.159706
16.1331596,1.01031446221995,60.052225,574.391479,-5.718937,69.285835
16.1665001,1.01139360556892,60.05287,574.357666,-6.011843,69.41391
16.1998405,1.01229174103169,60.05369,574.299377,-6.273479,69.544395
16.233181,1.01260777460514,60.054605,574.24292,-6.474481,69.677284
16.2665215,1.01308047515101,60.05556,574.213562,-6.70348,69.812576
16.2998619,1.01379224772654,60.056535,574.271301,-6.934645,69.950279
16.3332024,1.01490513643328,60.057755,574.298828,-7.250866,70.091293
16.3665428,1.01593834183949,60.059395,574.252563,-7.536567,70.237244
16.3998833,1.01638674572777,60.061415,574.098694,-7.779834,70.388962
16.4332237,1.01671492763002,60.06342,573.979919,-7.94208,70.545525
16.4665642,1.0171889779902,60.06544,573.930847,-8.122628,70.706902
16.4999046,1.01784401410848,60.067445,573.950073,-8.365356,70.8731
16.5332451,1.01823705348193,60.069445,573.998108,-8.526347,71.044075
16.5665855,1.01876919011366,60.07162,574.048584,-8.764743,71.220604
16.599926,1.01891098700056,60.073795,574.043823,-8.980582,71.40239
16.6332664,1.01894475448642,60.076085,574.065735,-9.101839,71.58989
16.6666069,1.01897852197229,60.078695,574.024536,-9.265212,71.784439
16.6999474,1.01901093964384,60.08129,573.988892,-9.411709,71.985146
16.7332878,1.0190447071297,60.083885,573.983032,-9.501828,72.192169
16.7666283,1.01907982442987,60.086195,574.001343,-9.639057,72.404022
16.7999687,1.01911494173005,60.088365,574.070374,-9.739562,72.620827
16.8333092,1.0188650711859,60.090845,574.069214,-9.843773,72.844154
16.8666496,1.01840721859745,60.093365,574.06073,-9.838395,73.073662
16.8999901,1.01816546906728,60.09588,574.033386,-9.94018,73.309311
16.9333305,1.01779404885089,60.097885,574.095886,-9.985726,73.548592
16.966671,1.01707147776089,60.09964,574.195557,-9.961936,73.791466
17.0000114,1.01671762725864,60.10126,574.32959,-10.037656,74.037949
17.0333519,1.01647317809984,60.102825,574.417175,-10.103193,74.288033
17.0666924,1.01619901089812,60.10435,574.472778,-10.164816,74.54171
17.1000328,1.01592212193966,60.105705,574.455383,-10.26376,74.798241
17.1333733,1.01551020729397,60.106905,574.434631,-10.289847,75.057327
17.1667137,1.01528465553552,60.108225,574.39325,-10.315305,75.319855
17.2000542,1.01513878707759,60.109385,574.389343,-10.322439,75.584801
17.2333946,1.01481195498965,60.110495,574.357971,-10.340482,75.852295
17.2667351,1.01462287034568,60.11156,574.356934,-10.336079,76.122345
17.3000755,1.01434328175861,60.112265,574.395935,-10.331572,76.39315
17.333416,1.01381114512688,60.112725,574.487549,-10.288382,76.664574
17.3667564,1.01336681280964,60.11318,574.556274,-10.357378,76.93705
17.4000969,1.01326281072343,60.113565,574.644592,-10.416131,77.210274
17.4334373,1.01315475919429,60.11389,574.693848,-10.456594,77.484077
17.4667778,1.01305077923618,60.11425,574.674011,-10.512387,77.758934
17.5001183,1.01284277506377,60.11425,574.677002,-10.535095,78.033012
17.5334587,1.01271987557721,60.114135,574.681641,-10.560601,78.306496
17.5667992,1.01264019227669,60.11387,574.695984,-10.595637,78.578934
17.6001396,1.01255645953325,60.113565,574.699158,-10.677526,78.850616
17.6334801,1.01243356004669,60.113275,574.711731,-10.721057,79.121689
17.6668205,1.01219448801703,60.112895,574.721008,-10.77459,79.391571
17.700161,1.0118933245291,60.112325,574.766418,-10.763201,79.659645
17.7335014,1.0118933245291,60.11177,574.794678,-10.887392,79.926514
17.7668419,1.0119068226722,60.111215,574.807007,-10.976316,80.192017
17.8001823,1.01140575389772,60.110605,574.784668,-10.989938,80.455879
17.8335228,1.01089388660874,60.110055,574.757935,-11.013144,80.718536
17.8668633,1.01059000136409,60.10935,574.78125,-11.017067,80.979248
17.9002037,1.01031041277701,60.10851,574.826477,-11.089917,81.237572
17.9335442,1.01001599836063,60.107575,574.866821,-11.184137,81.493492
17.9668846,1.009355540857,60.10666,574.882874,-11.166749,81.747154
18.0002251,1.00835747487906,60.105895,574.850891,-11.156459,81.999466
18.0335655,1.00793608940509,60.10502,574.872559,-11.2165,82.249374
18.066906,1.00773348448991,60.104085,574.910767,-11.256527,82.496864
18.1002464,1.00755522048853,60.10311,574.917908,-11.315059,82.741951
18.1335869,1.0073580148306,60.10214,574.907898,-11.3942,82.984665
18.1669273,1.0069839171137,60.10113,574.872803,-11.451042,83.224945
18.2002678,1.00664086512594,60.100135,574.846313,-11.488286,83.462845
18.2336082,1.006469328068,60.099145,574.837769,-11.550305,83.698318
18.2669487,1.00615734393748,60.098095,574.836731,-11.594784,83.931274
18.3002892,1.00630861165266,60.096875,574.884094,-11.719703,84.160744
18.3336296,1.00617896309455,60.095805,574.881042,-11.818175,84.388039
18.3669701,1.00606551230817,60.094985,574.830627,-11.881795,84.61396
18.4003105,1.00600067696507,60.094225,574.770142,-11.961319,84.83815
18.433651,1.00593449180765,60.09327,574.742676,-12.070087,85.0597
18.4669914,1.00586967859265,60.0922,574.757141,-12.167409,85.278381
18.5003319,1.00580214362093,60.09123,574.783569,-12.243793,85.494865
18.5336723,1.00584131036403,60.090485,574.772644,-12.328471,85.710144
18.5670128,1.00591694422162,60.08999,574.715454,-12.415472,85.924812
18.6003532,1.00598987845058,60.089495,574.65033,-12.557326,86.138275
18.6336937,1.00606416249386,60.089055,574.607605,-12.624654,86.350708
18.6670341,1.00607766063697,60.088635,574.572937,-12.700203,86.56237
18.7003746,1.00592234347886,60.08833,574.549133,-12.782475,86.773453
18.7337151,1.00599257807921,60.08793,574.573059,-12.922001,86.98333
18.7670555,1.00613844653714,60.08751,574.616577,-13.029182,87.192169
18.800396,1.0063005127668,60.08726,574.627441,-13.136031,87.400848
18.8337364,1.00644098196749,60.086935,574.627441,-13.295871,87.608475
18.8670769,1.00651526601076,60.086765,574.60144,-13.368307,87.816109
18.9004173,1.00658817811163,60.0865,574.576111,-13.534885,88.022964
18.9337578,1.00666516178352,60.08629,574.563477,-13.619958,88.229393
18.9670982,1.00726213375836,60.086195,574.568909,-13.791815,88.435822
19.0004387,1.00784423564768,60.085965,574.574463,-13.971549,88.641472
19.0337791,1.00798200521974,60.085965,574.532227,-14.103964,88.84745
19.0671196,1.00812380210665,60.08606,574.475647,-14.230587,89.054024
19.1004601,1.00836962320785,60.086365,574.417053,-14.388789,89.26181
19.1338005,1.00886799235372,60.086725,574.379761,-14.537427,89.470634
19.167141,1.0093677113139,60.08709,574.359497,-14.679167,89.680222
19.2004814,1.00971076330166,60.08753,574.33252,-14.809127,89.891006
19.2338219,1.00994441394598,60.08785,574.333496,-14.933363,90.102402
19.2671623,1.01009838128977,60.088445,574.332458,-15.081194,90.31575
19.3005028,1.01039551746288,60.089245,574.327026,-15.205569,90.531509
19.3338432,1.01084119959443,60.09014,574.313904,-15.393034,90.749672
19.3671837,1.01068048317909,60.091095,574.265869,-15.427295,90.9702
19.4005241,1.01097491972357,60.09203,574.252136,-15.569085,91.193008
19.4338646,1.01128420422547,60.09283,574.266235,-15.695935,91.41732
19.467205,1.01160563705617,60.093935,574.237183,-15.789759,91.645103
19.5005455,1.01190142341496,60.095175,574.195313,-15.896608,91.876015
19.533886,1.01200135393013,60.09634,574.15802,-16.018755,92.109741
19.5672264,1.01205134131583,60.097635,574.136536,-16.108913,92.346687
19.6005669,1.01209725713048,60.098875,574.141113,-16.169123,92.586586
19.6339073,1.01214452275945,60.10021,574.156738,-16.238417,92.829918
19.6672478,1.01219448801703,60.101545,574.17749,-16.276617,93.076408
19.7005882,1.01243760948963,60.102785,574.210693,-16.41667,93.325752
19.7339287,1.01257130749066,60.10391,574.237915,-16.447123,93.577484
19.7672691,1.01264964097687,60.10502,574.264404,-16.538958,93.831787
19.8006096,1.0127306740917,60.106275,574.247437,-16.600344,94.089546
19.83395,1.0127185257629,60.107595,574.212891,-16.675755,94.350449
19.8672905,1.01250919390428,60.108815,574.178101,-16.636595,94.614212
19.900631,1.01243895930394,60.10994,574.195007,-16.701265,94.880379
19.9339714,1.01236737488928,60.11099,574.225403,-16.741739,95.148964
19.9673119,1.01229714028893,60.11204,574.268311,-16.801569,95.419952
20.0006523,1.01222420605997,60.11305,574.294312,-16.796928,95.693344
20.0339928,1.01202972215876,60.11406,574.311096,-16.813234,95.969147
20.0673332,1.0118419873291,60.11488,574.334167,-16.814104,96.246582
20.1006737,1.01176095421427,60.11549,574.385864,-16.890564,96.52504
20.1340141,1.01167857128513,60.115985,574.438843,-16.917105,96.804276
20.1673546,1.01159483854168,60.116465,574.471436,-16.936359,97.084648
20.200695,1.01084524903736,60.116805,574.464294,-16.864737,97.365601
20.2340355,1.01029016556236,60.117205,574.470215,-16.870564,97.647667
20.2673759,1.01019156273339,60.117415,574.51709,-16.876295,97.929741
20.3007164,1.01009028240391,60.11751,574.562744,-16.927607,98.211815
20.3340569,1.00999167957494,60.11757,574.579224,-16.941769,98.493881
20.3673973,1.00989307674597,60.11759,574.572571,-16.961885,98.77594
20.4007378,1.00957299372959,60.117395,574.572937,-16.946177,99.057159
20.4340782,1.00930692541372,60.117225,574.580444,-16.980591,99.337914
20.4674187,1.00893417751114,60.11711,574.566772,-16.934196,99.618507
20.5007591,1.00865188929544,60.116865,574.575684,-16.89679,99.898163
20.5340996,1.00828993990734,60.11656,574.590881,-16.91165,100.177032
20.56744,1.00803871954888,60.11633,574.61969,-16.931673,100.455498
20.6007805,1.00788205257647,60.116175,574.616272,-16.919346,100.733772
20.6341209,1.00764300267491,60.11589,574.592834,-16.879318,101.011017
20.6674614,1.00747146561698,60.11574,574.572876,-16.886257,101.288261
20.7008018,1.00733101854439,60.11549,574.567627,-16.901724,101.564713
20.7341423,1.00694610018491,60.1153,574.546509,-16.836697,101.840767
20.7674828,1.00658547848301,60.115205,574.512939,-16.777811,102.116814
20.8008232,1.00634237913852,60.114975,574.5224,-16.766123,102.392075
20.8341637,1.00622892835214,60.114785,574.55127,-16.758808,102.666924
20.8675041,1.00611682738007,60.11465,574.552124,-16.718651,102.941589
20.9008446,1.00600202677938,60.114365,574.564636,-16.733398,103.215225
20.934185,1.00551175651937,60.114195,574.552368,-16.665752,103.488686
20.9675255,1.0053091737323,60.11385,574.550232,-16.614651,103.760948
21.0008659,1.00522274136023,60.11343,574.597229,-16.612579,104.031998
21.0342064,1.00503095708764,60.11301,574.630615,-16.625711,104.302032
21.0675468,1.00466900769954,60.11257,574.615601,-16.573065,104.571091
21.1008873,1.00455960635609,60.111845,574.656128,-16.581314,104.837738
21.1342278,1.00445290464126,60.11099,574.718933,-16.610746,105.10199
21.1675682,1.00434215348349,60.110245,574.74054,-16.625845,105.364624
21.2009087,1.00423545176867,60.109425,574.741638,-16.625231,105.625275
21.2342491,1.00393831559556,60.10853,574.744873,-16.6486,105.88353
21.2675896,1.00385188322349,60.107765,574.736877,-16.653248,106.14016
21.30093,1.00376545085142,60.106945,574.719238,-16.684258,106.394806
21.3342705,1.00368306792228,60.10603,574.710571,-16.6954,106.647041
21.3676109,1.00353180020711,60.105245,574.676392,-16.68803,106.897659
21.4009514,1.00336433472021,60.104445,574.661987,-16.697849,107.146286
21.4342918,1.00310771510452,60.10353,574.650879,-16.687582,107.392525
21.4676323,1.00298076617503,60.102615,574.67926,-16.73782,107.636536
21.5009727,1.00290106074641,60.10187,574.663147,-16.729504,107.879204
21.5343132,1.00281867781727,60.100995,574.666687,-16.74271,108.119423
21.5676537,1.00240271372865,60.10006,574.660278,-16.734997,108.357285
21.6009941,1.00201372379813,60.099145,574.66449,-16.750132,108.592888
21.6343346,1.00200832454088,60.09838,574.676086,-16.786606,108.82711
21.667675,1.00210152811261,60.097695,574.657227,-16.808701,109.059784
21.7010155,1.0022298268564,60.09695,574.628784,-16.857155,109.290596
21.7343559,1.00236082522882,60.09651,574.565247,-16.880842,109.52095
21.7676964,1.00224737444244,60.096285,574.49939,-16.905014,109.751297
21.8010368,1.00229196257089,60.09617,574.400879,-16.856499,109.981644
21.8343773,1.00274169414538,60.09611,574.365234,-16.934624,110.211998
21.8677177,1.00302398236107,60.096035,574.371887,-16.999943,110.442177
21.9010582,1.00314823166193,60.095805,574.385315,-17.027496,110.671341
21.9343987,1.00302668198969,60.09569,574.406555,-17.050945,110.90052
21.9677391,1.00300911227555,60.095675,574.442078,-17.072731,111.129875
22.0010796,1.00314958147624,60.09588,574.434753,-17.108164,111.360237
22.03442,1.00299966357538,60.09598,574.417236,-17.099398,111.590607
22.0677605,1.00284704604589,60.096225,574.388916,-17.090448,111.821831
22.1011009,1.0029388776752,60.096415,574.378113,-17.125753,112.053497
22.1344414,1.00309826640435,60.09657,574.390198,-17.155575,112.285362
22.1677818,1.00304287976141,60.096835,574.401917,-17.175106,112.518242
22.2011223,1.00293077878934,60.09714,574.384277,-17.155972,112.751839
22.2344627,1.00269847795934,60.09754,574.360596,-17.129604,112.98661
22.2678032,1.00218391104175,60.098,574.324829,-17.071335,113.222572
22.3011436,1.00212582477019,60.098475,574.317932,-17.049398,113.459808
22.3344841,1.00222172797054,60.0988,574.326965,-17.04747,113.69751
22.3678246,1.00241621187175,60.09901,574.377991,-17.079248,113.935364
22.401165,1.00197455705502,60.099295,574.364868,-17.002308,114.174164
22.4345055,1.00114395656398,60.09945,574.362915,-16.892017,114.412964
22.4678459,1.0011088392638,60.099565,574.433594,-16.887896,114.651955
22.5011864,1.00122229005018,60.09981,574.472778,-16.896278,114.891937
22.5345268,1.00150860558071,60.099945,574.500549,-16.942709,115.13192
22.5678673,1.00162610581002,60.100195,574.445313,-16.926363,115.372688
22.6012077,1.00174090641071,60.10044,574.389954,-16.933254,115.614082
22.6345482,1.00176252556778,60.100785,574.312134,-16.895985,115.856537
22.6678886,1.0017139101245,60.100955,574.279724,-16.840269,116.099037
22.7012291,1.00211232662709,60.10103,574.326355,-16.882172,116.341537
22.7345695,1.00272819600227,60.10113,574.374878,-16.932447,116.584198
22.76791,1.00290243268883,60.101395,574.364929,-16.947031,116.82798
22.8012505,1.00298346580366,60.10174,574.34198,-16.937607,117.072777
22.8345909,1.00306584873279,60.10191,574.329407,-16.928656,117.317574
22.8679314,1.00336973397745,60.102005,574.35791,-16.95858,117.562363
22.9012718,1.00346021579245,60.10208,574.36731,-16.972391,117.80735
22.9346123,1.00354934779314,60.10233,574.387634,-16.976343,118.053345
22.9679527,1.00366279857953,60.102635,574.34259,-16.96512,118.300133
23.0012932,1.00378434825177,60.10292,574.33783,-16.957335,118.547523
23.0346336,1.00399910149573,60.1033,574.291931,-16.969065,118.796112
23.0679741,1.00418548651108,60.103685,574.285217,-16.979889,119.045708
23.1013145,1.00433540441195,60.104065,574.258606,-16.974838,119.296097
23.134655,1.00443128548419,60.10439,574.269897,-16.972195,119.547112
23.1679955,1.00452448905591,60.10479,574.292297,-16.95779,119.799309
23.2013359,1.0044974706416,60.10519,574.283142,-16.954853,120.052513
23.2346764,1.00443533492712,60.10557,574.302246,-16.933212,120.306534
23.2680168,1.00437592096936,60.105875,574.314209,-16.916706,120.561134
23.3013573,1.00431783469781,60.106295,574.308105,-16.880787,120.816948
23.3346977,1.00425707092574,60.10664,574.30603,-16.866816,121.073578
23.3680382,1.00392481745246,60.10662,574.34613,-16.810677,121.329185
23.4013786,1.00367496903642,60.1066,574.412415,-16.772633,121.584816
23.4347191,1.0035047817928,60.1066,574.456787,-16.757072,121.840439
23.4680595,1.00328870086262,60.106545,574.510376,-16.743244,122.095879
23.5014,1.00297534478969,60.106315,574.517456,-16.696119,122.350288
23.5347404,1.00265661158762,60.1062,574.528625,-16.678793,122.604698
23.5680809,1.00254451061555,60.106145,574.501221,-16.649033,122.859108
23.6014214,1.00243375945779,60.10607,574.466919,-16.633648,123.113319
23.6347618,1.00227844229968,60.10582,574.447449,-16.598972,123.366508
23.6681023,1.00211907569864,60.105705,574.426819,-16.546598,123.61972
23.7014427,1.00218931029899,60.105455,574.439758,-16.520832,123.872124
23.7347832,1.00226629397089,60.105265,574.445862,-16.511417,124.12413
23.7681236,1.00233652857123,60.105,574.432556,-16.504684,124.37532
23.8014641,1.00198942714054,60.10479,574.421143,-16.441696,124.626137
23.8348045,1.00143297172312,60.104505,574.415283,-16.356573,124.876144
23.868145,1.00137490757967,60.104235,574.46283,-16.343685,125.125557
23.9014854,1.00131547149381,60.103685,574.525696,-16.320427,125.372986
23.9348259,1.00125740735036,60.1029,574.628418,-16.325821,125.618019
23.9681664,1.00099133903449,60.102195,574.658569,-16.319357,125.861427
24.0015068,1.00051186728897,60.101605,574.637695,-16.254168,126.103722
24.0348473,1.00031063431621,60.10103,574.617554,-16.245571,126.344704
24.0681877,1.00023095101569,60.1005,574.600098,-16.232115,126.584488
24.1015282,1.00015126771517,60.099985,574.579346,-16.213791,126.823082
24.1348686,1.00006348552879,60.099485,574.524658,-16.185783,127.060539
24.1682091,0.999947335113792,60.09897,574.464661,-16.154272,127.2967
24.2015495,0.999606982754649,60.098475,574.458435,-16.065268,127.5317
24.23489,0.999289577238785,60.09798,574.458008,-16.01873,127.76548
24.2682304,0.999755550841202,60.09735,574.539917,-16.071821,127.997559
24.3015709,0.999804166284479,60.09674,574.557983,-16.070915,128.22818
24.3349113,0.999733931684135,60.09609,574.569214,-16.039196,128.457153
24.3682518,0.999660997455167,60.095595,574.555359,-16.043768,128.685211
24.4015923,0.999590762854822,60.095175,574.536926,-16.039862,128.912476
24.4349327,0.999497581411199,60.0947,574.499023,-16.015066,129.138535
24.4682732,0.999366560910681,60.094205,574.484375,-15.989391,129.363342
24.5016136,0.999354412581889,60.09367,574.483459,-15.978144,129.586746
24.5349541,0.999617781269133,60.09308,574.517944,-15.999773,129.808594
24.5682945,0.999927065771032,60.09239,574.546265,-16.054024,130.02858
24.601635,0.999677217354997,60.091745,574.53363,-16.027889,130.247177
24.6349754,0.999270679838439,60.091115,574.507202,-16.00099,130.464218
24.6683159,0.998783109207053,60.09037,574.533325,-15.952113,130.67926
24.7016563,0.998523812090844,60.089495,574.591614,-15.943791,130.891891
24.7349968,0.99812402364584,60.0885,574.652283,-15.930573,131.101944
24.7683372,0.99772425732894,60.08732,574.72168,-15.920745,131.308578
24.8016777,0.99753652249928,60.08621,574.775757,-15.963454,131.512802
24.8350182,0.997471687156177,60.085165,574.769165,-15.980361,131.7146
24.8683586,0.997608106913936,60.08436,574.732605,-16.024538,131.915009
24.9016991,0.997625654499973,60.083925,574.593384,-16.020151,132.115189
24.9350395,0.997346088041003,60.083505,574.449585,-15.965806,132.314377
24.96838,0.997150254325485,60.083105,574.346558,-15.921764,132.512787
25.0017204,0.997208318468933,60.0828,574.29248,-15.886092,132.710587
25.0350609,0.997265054926176,60.082435,574.320251,-15.878898,132.907394
25.0684013,0.997324468883933,60.082075,574.385193,-15.880627,133.103409
25.1017418,0.997379855526865,60.081655,574.441589,-15.878555,133.298218
25.1350822,0.997436569856004,60.081365,574.458313,-15.89424,133.492645
25.1684227,0.997493306313247,60.081235,574.467041,-15.894432,133.687057
25.2017632,0.9976418743998,60.081215,574.425232,-15.922201,133.881668
25.2351036,0.99781608895825,60.081405,574.376709,-15.925092,134.077255
25.2684441,0.998082157274115,60.08148,574.339478,-15.928676,134.272873
25.3017845,0.997938988444803,60.08154,574.258972,-15.901367,134.468475
25.335125,0.997758024814802,60.081615,574.244507,-15.842463,134.664291
25.3684654,0.997849856444113,60.081865,574.234253,-15.819782,134.861115
25.4018059,0.997941688073424,60.08198,574.261047,-15.797318,135.057922
25.4351463,0.998138893731358,60.082225,574.284729,-15.812513,135.255569
25.4684868,0.997983554445149,60.08259,574.237488,-15.755004,135.454391
25.5018272,0.997791770172559,60.083025,574.225769,-15.685384,135.654434
25.5351677,0.997716158443078,60.08356,574.196411,-15.632908,135.855865
25.5685081,0.997874175229803,60.084135,574.216492,-15.595095,136.058899
25.6018486,0.998006523416529,60.084665,574.212769,-15.576281,136.263153
25.6351891,0.998082157274115,60.08518,574.22876,-15.530054,136.468597
25.6685295,0.998153741688772,60.085695,574.237122,-15.487461,136.675247
25.70187,0.998226675917738,60.08621,574.239258,-15.479229,136.883087
25.7352104,0.998300959961013,60.08665,574.217712,-15.431905,137.091934
25.7685509,0.998375244004291,60.08688,574.264343,-15.382378,137.300766
25.8018913,0.998720995620674,60.08705,574.288879,-15.409073,137.509827
25.8352318,0.998787158649985,60.08732,574.305298,-15.364758,137.719879
25.8685722,0.998853343807401,60.08747,574.314697,-15.336529,137.929916
25.9019127,0.998918179150504,60.08753,574.331543,-15.308439,138.139969
25.9352531,0.998982992365505,60.087565,574.357727,-15.310827,138.350006
25.9685936,0.999285527795854,60.087585,574.372498,-15.315469,138.560043
26.0019341,0.999428696625164,60.087585,574.371216,-15.305831,138.770096
26.0352745,0.999519178440166,60.087605,574.372986,-15.266047,138.980118
26.068615,0.999598883868787,60.087605,574.353577,-15.259027,139.19017
26.1019554,0.999651548754995,60.087605,574.356812,-15.266373,139.400208
26.1352959,0.999702863826891,60.087605,574.365295,-15.243454,139.610245
26.1686363,0.999758250469824,60.087605,574.36499,-15.206793,139.820297
26.2019768,0.999810915356032,60.087605,574.374695,-15.200663,140.030319
26.2353172,0.999901397171033,60.087605,574.363647,-15.197513,140.240356
26.2686577,1.0000769836719,60.087605,574.377991,-15.178161,140.450409
26.3019981,1.00025122035845,60.08766,574.372681,-15.190218,140.660645
26.3353386,1.00033630291621,60.08787,574.321045,-15.1517,140.871887
26.368679,1.00040246594552,60.087985,574.306274,-15.110519,141.083115
26.4020195,1.00046865110294,60.088045,574.285522,-15.086428,141.294357
26.43536,1.00056455430328,60.088255,574.304321,-15.050997,141.506424
26.4687004,1.00071987146139,60.088425,574.2901,-15.032394,141.718872
26.5020409,1.00087788824811,60.088575,574.300659,-15.025367,141.931519
26.5353813,1.00072257109001,60.088845,574.296875,-14.947603,142.145157
26.5687218,1.00049566951725,60.08898,574.287781,-14.91715,142.35881
26.6020622,1.00002701841431,60.089225,574.28009,-14.800705,142.573303
26.6354027,0.999837933770342,60.089415,574.331604,-14.73714,142.788162
26.6687431,0.999737981127065,60.08957,574.369141,-14.705804,143.00322
26.7020836,0.999640750240511,60.089835,574.380249,-14.638591,143.219269
26.735424,0.999562416754303,60.08997,574.357056,-14.593275,143.435333
26.7687645,0.999488132711028,60.090045,574.37207,-14.543671,143.651382
26.8021049,0.999416548296372,60.090065,574.364685,-14.498774,143.867447
26.8354454,0.999308496767233,60.090085,574.358765,-14.424048,144.083496
26.8687859,0.999126161194818,60.08991,574.391602,-14.382799,144.298706
26.9021263,0.998841195478607,60.08976,574.387146,-14.289902,144.51358
26.9354668,0.998691277577742,60.089625,574.401611,-14.229703,144.728195
26.9688072,0.998577826791362,60.08936,574.419922,-14.149351,144.941849
27.0021477,0.998465725819293,60.08917,574.40332,-14.094159,145.155273
27.0354881,0.998353624847221,60.08888,574.42395,-14.043734,145.367706
27.0688286,0.998029492387908,60.08856,574.448425,-13.953595,145.579315
27.102169,0.997797191557905,60.08833,574.442322,-13.89056,145.790558
27.1355095,0.99759728627135,60.088025,574.444885,-13.836055,146.000992
27.1688499,0.997308271112209,60.087625,574.456299,-13.745846,146.21019
27.2021904,0.996942250153068,60.08711,574.470703,-13.669806,146.417969
27.2355309,0.996772085037548,60.086405,574.530762,-13.609589,146.623566
27.2688713,0.996603269736341,60.085755,574.567749,-13.569577,146.827759
27.3022118,0.99626966644875,60.08497,574.572632,-13.480006,147.029739
27.3355522,0.996091380319265,60.084285,574.579346,-13.422839,147.230301
27.3688927,0.995867178375125,60.08362,574.572021,-13.369905,147.429291
27.4022331,0.995713211031329,60.082855,574.567566,-13.307927,147.626236
27.4355736,0.995740229445639,60.08215,574.554749,-13.298538,147.821609
27.468914,0.995763198417021,60.081425,574.516052,-13.23662,148.015182
27.5022545,0.995788844888916,60.080755,574.501465,-13.200649,148.207336
27.5355949,0.995815863303226,60.08011,574.456116,-13.158289,148.397888
27.5689354,0.995838832274606,60.079405,574.457153,-13.108669,148.586685
27.6022758,0.995863128932193,60.07881,574.434265,-13.078658,148.774246
27.6356163,0.995886097903572,60.0782,574.428101,-13.044707,148.960403
27.6689568,0.995913116317884,60.077455,574.468018,-13.006584,149.144379
27.7022972,0.995937412975469,60.07677,574.483643,-12.990337,149.32692
27.7356377,0.995960381946848,60.07599,574.496887,-12.966551,149.507294
27.7689781,0.995990099989779,60.075475,574.504883,-12.967303,149.687057
27.8023186,0.996034665990126,60.075015,574.473938,-12.927026,149.865845
27.835659,0.996075182547541,60.074595,574.437317,-12.91409,150.043777
27.8689995,0.996115699104953,60.07433,574.387329,-12.894519,150.221344
27.9023399,0.996158915290991,60.074025,574.345215,-12.835486,150.398117
27.9356804,0.996200781662715,60.07374,574.34552,-12.803823,150.57428
27.9690208,0.996250746920301,60.073435,574.332458,-12.770712,150.749557
28.0023613,0.996315582263405,60.07328,574.344055,-12.748212,150.92485
28.0357018,0.9963790677922,60.073205,574.331543,-12.734156,151.100128
28.0690422,0.99644118137858,60.073165,574.324524,-12.720388,151.275421
28.1023827,0.996561381236512,60.073145,574.335632,-12.687862,151.450714
28.1357231,0.996699150808583,60.073185,574.313416,-12.681274,151.62619
28.1690636,0.996635665279787,60.073375,574.26947,-12.607188,151.802582
28.202404,0.996573551693409,60.07347,574.258545,-12.572821,151.978958
28.2357445,0.996511415978923,60.07353,574.252808,-12.53864,152.155334
28.2690849,0.99627101626306,60.073545,574.273804,-12.446987,152.331726
28.3024254,0.9963020841203,60.073565,574.30188,-12.422866,152.508118
28.3357658,0.996393915749614,60.073565,574.357422,-12.408617,152.684509
28.3691063,0.996489818949959,60.073565,574.370544,-12.369647,152.860886
28.4024467,0.996584350207891,60.073395,574.36908,-12.376805,153.036514
28.4357872,0.996661333879789,60.07326,574.362671,-12.358466,153.211792
28.4691277,0.996731568480134,60.073185,574.332275,-12.325871,153.38707
28.5024681,0.99680315289479,60.073145,574.316711,-12.274266,153.562363
28.5358086,0.997055700939449,60.07313,574.30542,-12.266451,153.73764
28.569149,0.997301522040657,60.07313,574.280029,-12.273541,153.912918
28.6024895,0.997520302599453,60.07292,574.27771,-12.275453,154.08728
28.6358299,0.997810689701007,60.072745,574.302979,-12.266764,154.261261
28.6691704,0.997870125786871,60.07265,574.284119,-12.26334,154.435242
28.7025108,0.997655372542904,60.072555,574.266052,-12.218727,154.608963
28.7358513,0.997577039056696,60.07231,574.307556,-12.182805,154.781738
28.7691917,0.997500055384799,60.072195,574.315674,-12.152513,154.954529
28.8025322,0.997423071712899,60.07208,574.348328,-12.133815,155.12706
28.8358727,0.997343388412381,60.07181,574.394714,-12.105113,155.298645
28.8692131,0.996742366994616,60.071695,574.371277,-12.02909,155.47023
28.9025536,0.996611368622203,60.07147,574.396423,-12.018336,155.641037
28.935894,0.996543833650477,60.071295,574.400024,-11.997634,155.811539
28.9692345,0.996477648493064,60.071145,574.398743,-11.975204,155.98175
29.0025749,0.996410135649441,60.07086,574.410889,-11.943821,156.150909
29.0359154,0.996565452807547,60.070705,574.411316,-11.947726,156.320084
29.0692558,0.996623516950995,60.07063,574.391174,-11.919067,156.489243
29.1025963,0.996218351376852,60.07061,574.321289,-11.829269,156.658401
29.1359367,0.996006297761506,60.0704,574.305847,-11.789425,156.826736
29.1692772,0.995895546603744,60.07023,574.326843,-11.717907,156.994705
29.2026176,0.995902295675296,60.06996,574.370728,-11.707246,157.161819
29.2359581,0.996080581804781,60.06977,574.399536,-11.711665,157.328583
29.2692986,0.996144067333577,60.069485,574.407532,-11.715519,157.494568
29.302639,0.996207530734265,60.069235,574.406799,-11.672939,157.660004
29.3359795,0.996272366077371,60.068915,574.410583,-11.640186,157.824463
29.3693199,0.996289913663404,60.068705,574.38031,-11.641834,157.988663
29.4026604,0.996207530734265,60.06838,574.365784,-11.614186,158.15181
29.4360008,0.996126497619437,60.068035,574.381714,-11.559175,158.314117
29.4693413,0.996042764875988,60.06756,574.40155,-11.517807,158.475067
29.5026817,0.995973880089954,60.067025,574.436096,-11.495481,158.634491
29.5360222,0.995910416689262,60.0663,574.47467,-11.49439,158.791794
29.5693626,0.995844231531848,60.06563,574.517273,-11.507968,158.947601
29.6027031,0.995779396188745,60.064925,574.539063,-11.483977,159.101608
29.6360435,0.99571456084564,60.06424,574.534241,-11.463346,159.25412
29.669384,0.995467412058224,60.06361,574.478882,-11.486983,159.405106
29.7027245,0.995132458956324,60.062905,574.453247,-11.448109,159.554291
29.7360649,0.994865040826147,60.062255,574.459412,-11.387108,159.702057
29.7694054,0.995059524727356,60.061475,574.496033,-11.39625,159.84761
29.8027458,0.995213492071152,60.060845,574.489197,-11.446606,159.992004
29.8360863,0.99509464202753,60.06027,574.466248,-11.369203,160.135162
29.8694267,0.994763760496662,60.05987,574.391235,-11.327169,160.277771
29.9027672,0.994308607536831,60.059415,574.348022,-11.264266,160.419144
29.9361076,0.99374675286217,60.058745,574.38208,-11.158437,160.558472
29.9694481,0.993455038074407,60.057905,574.457764,-11.131582,160.695419
30.0027885,0.993249733530612,60.05699,574.550537,-11.132076,160.829956
